<?xml version="1.0" encoding="utf-8" standalone="no"?>
<problem revision="10" short-name="kon" url="https://polygon.codeforces.com/p5VQqTE/georgerapeanu/kon">
    <judging cpu-name="Intel(R) Core(TM) i3-8100 CPU @ 3.60GHz" cpu-speed="3600" input-file="" output-file="" run-count="1">
        <testset name="tests">
            <time-limit>2000</time-limit>
            <memory-limit>268435456</memory-limit>
            <test-count>17</test-count>
            <input-path-pattern>tests/%02d</input-path-pattern>
            <answer-path-pattern>tests/%02d.a</answer-path-pattern>
            <tests>
                <test cmd="random_generator_increasing_tree -n10 -k5 -vmax 100" method="generated" sample="true"/>
                <test cmd="random_generator_increasing_tree -n10 -k0 -vmax 100" method="generated" sample="true"/>
                <test cmd="random_generator_increasing_tree -n10 -k10 -vmax 100" method="generated"/>
                <test cmd="random_generator_increasing_tree -n1000 -k1000 -vmax 1000000000" method="generated"/>
                <test cmd="random_generator_increasing_tree -n1000 -k500 -vmax 1000000000" method="generated"/>
                <test cmd="random_generator_increasing_tree -n1000 -k250 -vmax 1000000000" method="generated"/>
                <test cmd="random_generator_increasing_tree -n1000 -k750 -vmax 1000000000" method="generated"/>
                <test cmd="random_generator_increasing_tree -n1000 -k999 -vmax 1000000000" method="generated"/>
                <test cmd="random_generator_increasing_tree -n200000 -k1000 -vmax 1000000000" method="generated"/>
                <test cmd="random_generator_increasing_tree -n200000 -k500 -vmax 1000000000" method="generated"/>
                <test cmd="random_generator_increasing_tree -n200000 -k250 -vmax 1000000000" method="generated"/>
                <test cmd="random_generator_increasing_tree -n200000 -k7500 -vmax 1000000000" method="generated"/>
                <test cmd="random_generator_increasing_tree -n200000 -k999 -vmax 1000000000" method="generated"/>
                <test cmd="random_generator_increasing_tree -n200000 -k20 -vmax 1000000000" method="generated"/>
                <test cmd="random_generator_increasing_tree -n200000 -k100000 -vmax 1000000000" method="generated"/>
                <test cmd="random_generator_increasing_tree -n200000 -k20000 -vmax 1000000000" method="generated"/>
                <test cmd="random_generator_increasing_tree -n200000 -k50000 -vmax 1000000000" method="generated"/>
            </tests>
        </testset>
    </judging>
    <files>
        <resources>
            <file path="files/olymp.sty"/>
            <file path="files/problem.tex"/>
            <file path="files/statements.ftl"/>
            <file path="files/testlib.h" type="h.g++"/>
        </resources>
        <executables>
            <executable>
                <source path="files/checker.cpp" type="cpp.g++17"/>
            </executable>
            <executable>
                <source path="files/random_generator_increasing_tree.cpp" type="cpp.g++17"/>
            </executable>
            <executable>
                <source path="files/validator.cpp" type="cpp.g++17"/>
            </executable>
        </executables>
    </files>
    <assets>
        <checker type="testlib">
            <source path="files/checker.cpp" type="cpp.g++17"/>
            <copy path="check.cpp" type="cpp.g++17"/>
            <testset>
                <test-count>0</test-count>
                <input-path-pattern>files/tests/checker-tests/%02d</input-path-pattern>
                <output-path-pattern>files/tests/checker-tests/%02d.o</output-path-pattern>
                <answer-path-pattern>files/tests/checker-tests/%02d.a</answer-path-pattern>
                <tests/>
            </testset>
        </checker>
        <validators>
            <validator>
                <source path="files/validator.cpp" type="cpp.g++17"/>
                <testset>
                    <test-count>0</test-count>
                    <input-path-pattern>files/tests/validator-tests/%02d</input-path-pattern>
                    <tests/>
                </testset>
            </validator>
        </validators>
        <solutions>
            <solution tag="rejected">
                <source path="solutions/rapeanu_back.cpp" type="cpp.g++17"/>
            </solution>
            <solution tag="main">
                <source path="solutions/rapeanu_nlogv.cpp" type="cpp.g++17"/>
            </solution>
            <solution tag="accepted">
                <source path="solutions/rapeanu_nlogv_value_only.cpp" type="cpp.g++17"/>
            </solution>
        </solutions>
    </assets>
    <properties>
        <property name="tests-wellformed" value="true"/>
    </properties>
    <stresses>
        <stress-count>0</stress-count>
        <stress-path-pattern>stresses/%03d</stress-path-pattern>
        <list/>
    </stresses>
</problem>
