<?xml version="1.0" encoding="utf-8" standalone="no"?>
<problem revision="19" short-name="hill-climbing" url="https://polygon.codeforces.com/p7208dL/ipopescu/hill-climbing">
    <judging cpu-name="Intel(R) Core(TM) i3-8100 CPU @ 3.60GHz" cpu-speed="3600" input-file="" output-file="" run-count="1">
        <testset name="tests">
            <time-limit>2000</time-limit>
            <memory-limit>268435456</memory-limit>
            <test-count>74</test-count>
            <input-path-pattern>tests/%02d</input-path-pattern>
            <answer-path-pattern>tests/%02d.a</answer-path-pattern>
            <tests>
                <test cmd="gen_fixed_local_n -t 5 -n 10 -k 1 -vmax 6" method="generated"/>
                <test cmd="gen_fixed_local_n -t 5 -n 10 -k 10 -vmax 6" method="generated"/>
                <test cmd="gen_fixed_local_n -t 2 -n 20 -k 10 -vmax 40" method="generated"/>
                <test cmd="gen_fixed_local_n -t 5 -n 100 -k 40 -vmax 40" method="generated"/>
                <test cmd="gen_fixed_local_n -t 5 -n 100 -k 80 -vmax 40" method="generated"/>
                <test cmd="gen_fixed_local_n -t 5 -n 100 -k 200 -vmax 40" method="generated"/>
                <test cmd="gen_fixed_local_n -t 50 -n 10 -k 200 -vmax 40 67b7f3d1b28d41ddd18768c10dda24c2" method="generated"/>
                <test cmd="gen_fixed_local_n -t 5 -n 100 -k 140 -vmax 40" method="generated"/>
                <test cmd="gen_furat_de_la_bunicu_fixed_local_n -t 50 -n 10 -k 200 -vmax 40 adf68ed2bb08d54ab5fb7e85b9849de3" method="generated"/>
                <test cmd="gen_chestii_sqrt_fixed_local_n -t 5 -n 100 -k 100 -vmax 30" method="generated"/>
                <test cmd="gen_chestii_sqrt_fixed_local_n -t 5 -n 100 -k 200 -vmax 40" method="generated"/>
                <test cmd="gen_chestii_sqrt_fixed_local_n -t 50 -n 10 -k 200 -vmax 40 128d78af6a020295cc0e014636e5728b" method="generated"/>
                <test cmd="gen_fixed_local_n -t 10 -n 1000 -k 3000 -vmax 1000" method="generated"/>
                <test cmd="gen_fixed_local_n -t 10 -n 1000 -k 1000 -vmax 1000" method="generated"/>
                <test cmd="gen_fixed_local_n -t 10 -n 1000 -k 10000 -vmax 1000" method="generated"/>
                <test cmd="gen_fixed_local_n -t 10 -n 1000 -k 1000000000 -vmax 100000000" method="generated"/>
                <test cmd="gen_fixed_local_n -t 10 -n 1000 -k 100000000 -vmax 1000000000" method="generated"/>
                <test cmd="gen_furat_de_la_bunicu_fixed_local_n -t 10 -n 1000 -k 2000 -vmax 1000" method="generated"/>
                <test cmd="gen_furat_de_la_bunicu_fixed_local_n -t 10 -n 1000 -k 200000 -vmax 1000 031a3903b03401b180d01339b4a5e641" method="generated"/>
                <test cmd="gen_furat_de_la_bunicu_fixed_local_n -t 10 -n 1000 -k 200000 -vmax 1000 31f6ff32899bc7e5f570f18d8d9cb6ba" method="generated"/>
                <test cmd="gen_chestii_sqrt_fixed_local_n -t 10 -n 1000 -k 10000 -vmax 30" method="generated"/>
                <test cmd="gen_chestii_sqrt_fixed_local_n -t 10 -n 1000 -k 100000 -vmax 10000" method="generated"/>
                <test cmd="gen_chestii_sqrt_fixed_local_n -t 10 -n 100 -k 100000 -vmax 10000" method="generated"/>
                <test cmd="gen_chestii_sqrt_fixed_local_n -t 10 -n 100 -k 100000 -vmax 10000 9b0cece1507abe7be5052753d304bef3" method="generated"/>
                <test cmd="gen_fixed_local_n_infinite_borders -t 1 -n 1000000 -k 100000000 -vmax 1000000000" method="generated"/>
                <test cmd="gen_fixed_local_n_infinite_borders -t 10 -n 100000 -k 100000000000 -vmax 1000000000" method="generated"/>
                <test cmd="gen_fixed_local_n_infinite_borders -t 5 -n 200000 -k 1000 -vmax 1000000000" method="generated"/>
                <test cmd="gen_fixed_local_n -t 100 -n 1000 -k 1000 -vmax 100" method="generated"/>
                <test cmd="gen_fixed_local_n -t 10 -n 10000 -k 100000 -vmax 100" method="generated"/>
                <test cmd="gen_furat_de_la_bunicu_fixed_local_n -t 10 -n 10000 -k 1000000 -vmax 100000" method="generated"/>
                <test cmd="gen_fixed_local_n -t 10 -n 10000 -k 1000000 -vmax 1000000000" method="generated"/>
                <test cmd="gen_fixed_local_n -t 10 -n 10000 -k 10000000000000 -vmax 1000000000" method="generated"/>
                <test cmd="gen_furat_de_la_bunicu_fixed_local_n -t 10 -n 10000 -k 10 -vmax 1000000000" method="generated"/>
                <test cmd="gen_furat_de_la_bunicu_fixed_local_n -t 10 -n 10000 -k 10000 -vmax 1000000000" method="generated"/>
                <test cmd="gen_fixed_local_n -t 10 -n 10000 -k 100000000000 -vmax 1000000000" method="generated"/>
                <test cmd="gen_fixed_local_n -t 2 -n 50000 -k 10000000 -vmax 1000000000" method="generated"/>
                <test cmd="gen_chestii_sqrt_fixed_local_n -t 1 -n 100000 -k 10000000 -vmax 1000000000" method="generated"/>
                <test cmd="gen_fixed_local_n -t 1 -n 100000 -k 1000000000000 -vmax 1000000000" method="generated"/>
                <test cmd="gen_chestii_sqrt_fixed_local_n -t 1 -n 100000 -k 1000000000000 -vmax 1000000000" method="generated"/>
                <test cmd="gen_furat_de_la_bunicu_fixed_sum_n -t 10 -n 100000 -k 100000000000000 -vmax 1000000000 c066e246e074f5709c360200a218f937" method="generated"/>
                <test cmd="gen_fixed_sum_n -t 16 -n 100000 -k 100000000000 -vmax 1000000000" method="generated"/>
                <test cmd="gen_fixed_sum_n -t 20 -n 100000 -k 100000000000000 -vmax 1000000000" method="generated"/>
                <test cmd="gen_furat_de_la_bunicu_fixed_sum_n -t 10 -n 100000 -k 10 -vmax 1000000000" method="generated"/>
                <test cmd="gen_furat_de_la_bunicu_fixed_sum_n -t 10 -n 100000 -k 100000000000000 -vmax 1000000000" method="generated"/>
                <test cmd="gen_furat_de_la_bunicu_fixed_sum_n -t 10 -n 100000 -k 100000000000000 -vmax 1000000000 1fccb20a15647966b294d48e2cba30b5" method="generated"/>
                <test cmd="gen_fixed_sum_n -t 10 -n 100000 -k 1000 -vmax 1000000000" method="generated"/>
                <test cmd="gen_fixed_sum_n -t 100 -n 10000 -k 1000 -vmax 1000000000" method="generated"/>
                <test cmd="gen_chestii_sqrt_fixed_sum_n -t 10 -n 100000 -k 1000 -vmax 100000" method="generated"/>
                <test cmd="gen_furat_de_la_bunicu_fixed_sum_n -t 10 -n 100000 -k 1000000000 -vmax 100000" method="generated"/>
                <test cmd="gen_furat_de_la_bunicu_fixed_sum_n -t 10 -n 100000 -k 1000000000 -vmax 1000000000 4b803be83f700754f07360836b2db400" method="generated"/>
                <test cmd="gen_fixed_sum_n -t 10 -n 100000 -k 1000000000000 -vmax 1000000000" method="generated"/>
                <test cmd="gen_fixed_local_n -t 100 -n 10000 -k 1000 -vmax 100" method="generated"/>
                <test cmd="gen_fixed_local_n -t 10 -n 100000 -k 100000 -vmax 100" method="generated"/>
                <test cmd="gen_furat_de_la_bunicu_fixed_local_n -t 10 -n 100000 -k 1000000 -vmax 100000" method="generated"/>
                <test cmd="gen_fixed_local_n -t 10 -n 100000 -k 1000000 -vmax 1000000000" method="generated"/>
                <test cmd="gen_furat_de_la_bunicu_fixed_local_n -t 10 -n 100000 -k 10 -vmax 1000000000" method="generated"/>
                <test cmd="gen_furat_de_la_bunicu_fixed_local_n -t 10 -n 100000 -k 10000 -vmax 1000000000" method="generated"/>
                <test cmd="gen_furat_de_la_bunicu_fixed_local_n -t 10 -n 100000 -k 10000000000000 -vmax 1000000000" method="generated"/>
                <test cmd="gen_fixed_local_n -t 10 -n 100000 -k 10000000000000 -vmax 1000000000" method="generated"/>
                <test cmd="gen_fixed_local_n -t 2 -n 500000 -k 10000000 -vmax 1000000000" method="generated"/>
                <test cmd="gen_chestii_sqrt_fixed_local_n -t 1 -n 1000000 -k 10000000 -vmax 1000000000" method="generated"/>
                <test cmd="gen_fixed_local_n -t 1 -n 1000000 -k 1000000000000 -vmax 1000000000" method="generated"/>
                <test cmd="gen_chestii_sqrt_fixed_local_n -t 1 -n 1000000 -k 1000000000000 -vmax 1000000000" method="generated"/>
                <test cmd="gen_fixed_sum_n -t 16 -n 1000000 -k 100000000000 -vmax 1000000000" method="generated"/>
                <test cmd="gen_fixed_sum_n -t 20 -n 1000000 -k 10000000000000 -vmax 1000000000" method="generated"/>
                <test cmd="gen_furat_de_la_bunicu_fixed_sum_n -t 10 -n 1000000 -k 10 -vmax 1000000000" method="generated"/>
                <test cmd="gen_furat_de_la_bunicu_fixed_sum_n -t 10 -n 1000000 -k 1000 -vmax 1000000000" method="generated"/>
                <test cmd="gen_fixed_sum_n -t 10 -n 1000000 -k 1000 -vmax 1000000000" method="generated"/>
                <test cmd="gen_chestii_sqrt_fixed_sum_n -t 10 -n 1000000 -k 1000 -vmax 100000" method="generated"/>
                <test cmd="gen_furat_de_la_bunicu_fixed_sum_n -t 10 -n 1000000 -k 1000000000 -vmax 100000" method="generated"/>
                <test cmd="gen_furat_de_la_bunicu_fixed_sum_n -t 10 -n 1000000 -k 1000000000 -vmax 1000000000" method="generated"/>
                <test cmd="gen_fixed_sum_n -t 10 -n 1000000 -k 100000000000000 -vmax 1000000000" method="generated"/>
                <test cmd="gen_fixed_local_n -t 50 -n 10 -k 200 -vmax 40 45e2181b9f1a813aa44af25c0042ebe5" method="generated"/>
                <test cmd="gen_fixed_local_n -t 50 -n 10 -k 200 -vmax 40 02534f9ab5095289d184fe3df3bec5ff" method="generated"/>
            </tests>
        </testset>
    </judging>
    <files>
        <resources>
            <file for-types="cpp.*" path="files/cetatuie.h" type="h.g++">
                <stages>
                    <stage name="compile"/>
                </stages>
                <assets>
                    <asset name="solution"/>
                </assets>
            </file>
            <file for-types="cpp.*" path="files/grader.cpp" type="cpp.g++17">
                <stages>
                    <stage name="compile"/>
                </stages>
                <assets>
                    <asset name="solution"/>
                </assets>
            </file>
            <file path="files/olymp.sty"/>
            <file path="files/problem.tex"/>
            <file path="files/statements.ftl"/>
            <file path="files/testlib.h" type="h.g++"/>
        </resources>
        <executables>
            <executable>
                <source path="files/gen_chestii_sqrt_fixed_local_n.cpp" type="cpp.g++17"/>
            </executable>
            <executable>
                <source path="files/gen_chestii_sqrt_fixed_sum_n.cpp" type="cpp.g++17"/>
            </executable>
            <executable>
                <source path="files/gen_fixed_local_n.cpp" type="cpp.g++17"/>
            </executable>
            <executable>
                <source path="files/gen_fixed_local_n_infinite_borders.cpp" type="cpp.g++17"/>
            </executable>
            <executable>
                <source path="files/gen_fixed_sum_n.cpp" type="cpp.g++17"/>
            </executable>
            <executable>
                <source path="files/gen_fixed_sum_n_infinite_borders.cpp" type="cpp.g++17"/>
            </executable>
            <executable>
                <source path="files/gen_furat_de_la_bunicu_fixed_local_n.cpp" type="cpp.g++17"/>
            </executable>
            <executable>
                <source path="files/gen_furat_de_la_bunicu_fixed_sum_n.cpp" type="cpp.g++17"/>
            </executable>
            <executable>
                <source path="files/gen_small.cpp" type="cpp.g++17"/>
            </executable>
            <executable>
                <source path="files/validator.cpp" type="cpp.g++17"/>
            </executable>
        </executables>
    </files>
    <assets>
        <checker name="std::ncmp.cpp" type="testlib">
            <source path="files/check.cpp" type="cpp.g++17"/>
            <copy path="check.cpp"/>
            <testset>
                <test-count>0</test-count>
                <input-path-pattern>files/tests/checker-tests/%02d</input-path-pattern>
                <output-path-pattern>files/tests/checker-tests/%02d.o</output-path-pattern>
                <answer-path-pattern>files/tests/checker-tests/%02d.a</answer-path-pattern>
                <tests/>
            </testset>
        </checker>
        <validators>
            <validator>
                <source path="files/validator.cpp" type="cpp.g++17"/>
                <testset>
                    <test-count>0</test-count>
                    <input-path-pattern>files/tests/validator-tests/%02d</input-path-pattern>
                    <tests/>
                </testset>
            </validator>
        </validators>
        <solutions>
            <solution tag="rejected">
                <source path="solutions/giovani_dp_grader.cpp" type="cpp.g++17"/>
            </solution>
            <solution tag="rejected">
                <source path="solutions/giovani_greedy.cpp" type="cpp.g++17"/>
            </solution>
            <solution tag="accepted">
                <source path="solutions/giovani_linear.cpp" type="cpp.g++17"/>
            </solution>
            <solution tag="wrong-answer">
                <source path="solutions/greedy_grader.cpp" type="cpp.g++17"/>
            </solution>
            <solution tag="rejected">
                <source path="solutions/rapeanu_assert_1.cpp" type="cpp.g++17"/>
            </solution>
            <solution tag="rejected">
                <source path="solutions/rapeanu_assert_2.cpp" type="cpp.g++17"/>
            </solution>
            <solution tag="rejected">
                <source path="solutions/rapeanu_assert_3.cpp" type="cpp.g++17"/>
            </solution>
            <solution tag="rejected">
                <source path="solutions/rapeanu_assert_4.cpp" type="cpp.g++17"/>
            </solution>
            <solution tag="rejected">
                <source path="solutions/rapeanu_assert_5.cpp" type="cpp.g++17"/>
            </solution>
            <solution tag="accepted">
                <source path="solutions/rapeanu_assert_6.cpp" type="cpp.g++17"/>
            </solution>
            <solution tag="time-limit-exceeded-or-accepted">
                <source path="solutions/rapeanu_back.cpp" type="cpp.g++17"/>
            </solution>
            <solution tag="wrong-answer">
                <source path="solutions/rapeanu_bulan.cpp" type="cpp.g++17"/>
            </solution>
            <solution tag="accepted">
                <source path="solutions/rapeanu_idee_encho_grader.cpp" type="cpp.g++17"/>
            </solution>
            <solution tag="accepted">
                <source path="solutions/rapeanu_idee_panaete_fixed_grader.cpp" type="cpp.g++17"/>
            </solution>
            <solution tag="wrong-answer">
                <source path="solutions/rapeanu_idee_panaete_grader.cpp" type="cpp.g++17"/>
            </solution>
            <solution tag="wrong-answer">
                <source path="solutions/rapeanu_infinite_borders_grader.cpp" type="cpp.g++17"/>
            </solution>
            <solution tag="main">
                <source path="solutions/rapeanu_linear_grader.cpp" type="cpp.g++17"/>
            </solution>
            <solution tag="rejected">
                <source path="solutions/rapeanu_vmax2_n_grader.cpp" type="cpp.g++17"/>
            </solution>
        </solutions>
    </assets>
    <properties>
        <property name="tests-wellformed" value="true"/>
    </properties>
    <stresses>
        <stress-count>24</stress-count>
        <stress-path-pattern>stresses/%03d</stress-path-pattern>
        <list>
            <stress index="24" path="stresses/024"/>
            <stress index="23" path="stresses/023"/>
            <stress index="22" path="stresses/022"/>
            <stress index="21" path="stresses/021"/>
            <stress index="20" path="stresses/020"/>
            <stress index="19" path="stresses/019"/>
            <stress index="18" path="stresses/018"/>
            <stress index="17" path="stresses/017"/>
            <stress index="16" path="stresses/016"/>
            <stress index="15" path="stresses/015"/>
            <stress index="14" path="stresses/014"/>
            <stress index="13" path="stresses/013"/>
            <stress index="12" path="stresses/012"/>
            <stress index="11" path="stresses/011"/>
            <stress index="10" path="stresses/010"/>
            <stress index="9" path="stresses/009"/>
            <stress index="8" path="stresses/008"/>
            <stress index="7" path="stresses/007"/>
            <stress index="6" path="stresses/006"/>
            <stress index="5" path="stresses/005"/>
            <stress index="4" path="stresses/004"/>
            <stress index="3" path="stresses/003"/>
            <stress index="2" path="stresses/002"/>
            <stress index="1" path="stresses/001"/>
        </list>
    </stresses>
</problem>
